"catchID","shop_ID","quality_rating","general","yield","drought_resistent","disease_resistent","early_maturing","germination","nr_reviews","quality_rating_av","general_av","yield_av","drought_resistent_av","disease_resistent_av","early_maturing_av","germination_av","score","quality_rating_corrected","general_corrected","yield_corrected","drought_resistent_corrected","disease_resistent_corrected","early_maturing_corrected","germination_corrected","score_corrected","quality_rating_corrected_av","general_corrected_av","yield_corrected_av","drought_resistent_corrected_av","disease_resistent_corrected_av","early_maturing_corrected_av","germination_corrected_av"
3,"AD_100",3.5,4,3.5,2,2,3.5,3,2,3.82511874699375,3.82543590668591,3.58539562289562,3.00410052910053,2.27758537758538,3.92079789119263,3.69393939393939,3.07142857142857,3.5,4,3.5,2,2,3.5,3,3.07142857142857,3.78768588221808,3.78766253006594,3.51218202482485,2.96054263078653,2.27501499165091,3.87070757179077,3.62303291361321
3,"AD_128",4,4,3.66666666666667,3,1.66666666666667,4,3.66666666666667,3,3.82511874699375,3.82543590668591,3.58539562289562,3.00410052910053,2.27758537758538,3.92079789119263,3.69393939393939,3.42857142857143,4,4,3.66666666666667,3,1.66666666666667,4,3.66666666666667,3.42857142857143,3.78768588221808,3.78766253006594,3.51218202482485,2.96054263078653,2.27501499165091,3.87070757179077,3.62303291361321
3,"AD_148",3.83333333333333,3.6,3,2.6,1.6,4,3.8,6,3.82511874699375,3.82543590668591,3.58539562289562,3.00410052910053,2.27758537758538,3.92079789119263,3.69393939393939,3.2047619047619,3.83333333333333,3.6,3,2.6,1.6,4,3.8,3.2047619047619,3.78768588221808,3.78766253006594,3.51218202482485,2.96054263078653,2.27501499165091,3.87070757179077,3.62303291361321
3,"AD_137",4.09090909090909,4.18181818181818,4.36363636363636,3.4,2.72727272727273,3.81818181818182,3.72727272727273,11,3.82511874699375,3.82543590668591,3.58539562289562,3.00410052910053,2.27758537758538,3.92079789119263,3.69393939393939,3.75844155844156,4.09090909090909,4.18181818181818,4.36363636363636,3.4,2.72727272727273,3.81818181818182,3.72727272727273,3.75844155844156,3.78768588221808,3.78766253006594,3.51218202482485,2.96054263078653,2.27501499165091,3.87070757179077,3.62303291361321
3,"AD_108",4,4,4,3,2,4,4,2,3.82511874699375,3.82543590668591,3.58539562289562,3.00410052910053,2.27758537758538,3.92079789119263,3.69393939393939,3.57142857142857,3.92513427044867,3.92445324676006,3.85357280385846,2.912884203372,1.99485922813107,3.89981936119628,3.85818703934763,3.46896983310148,3.78768588221808,3.78766253006594,3.51218202482485,2.96054263078653,2.27501499165091,3.87070757179077,3.62303291361321
3,"AD_57",3.11111111111111,3.55555555555556,3.11111111111111,2.77777777777778,2.44444444444444,3.55555555555556,3,9,3.82511874699375,3.82543590668591,3.58539562289562,3.00410052910053,2.27758537758538,3.92079789119263,3.69393939393939,3.07936507936508,3.03624538155978,3.48000880231561,2.96468391496957,2.69066198114978,2.43930367257551,3.45537491675184,2.85818703934763,2.97690634103799,3.78768588221808,3.78766253006594,3.51218202482485,2.96054263078653,2.27501499165091,3.87070757179077,3.62303291361321
3,"AD_264",4.5,4,3.75,3.25,2.75,4.25,4.25,4,3.82511874699375,3.82543590668591,3.58539562289562,3.00410052910053,2.27758537758538,3.92079789119263,3.69393939393939,3.82142857142857,4.42513427044867,3.92445324676006,3.60357280385846,3.162884203372,2.74485922813107,4.14981936119628,4.10818703934763,3.71896983310148,3.78768588221808,3.78766253006594,3.51218202482485,2.96054263078653,2.27501499165091,3.87070757179077,3.62303291361321
3,"AD_249",3.9375,4.13333333333333,3.6,3.26666666666667,2.66666666666667,4,4.13333333333333,16,3.82511874699375,3.82543590668591,3.58539562289562,3.00410052910053,2.27758537758538,3.92079789119263,3.69393939393939,3.67678571428571,3.9375,4.13333333333333,3.6,3.26666666666667,2.66666666666667,4,4.13333333333333,3.67678571428571,3.78768588221808,3.78766253006594,3.51218202482485,2.96054263078653,2.27501499165091,3.87070757179077,3.62303291361321
3,"AD_329",4.25,3.83333333333333,3.58333333333333,3.08333333333333,2.45454545454545,3.63636363636364,3.75,12,3.82511874699375,3.82543590668591,3.58539562289562,3.00410052910053,2.27758537758538,3.92079789119263,3.69393939393939,3.51298701298701,4.17513427044867,3.75778658009339,3.43690613719179,2.99621753670533,2.44940468267652,3.53618299755992,3.60818703934763,3.41052827465992,3.78768588221808,3.78766253006594,3.51218202482485,2.96054263078653,2.27501499165091,3.87070757179077,3.62303291361321
3,"AD_246",3,3,3,3,3,4,3,2,3.82511874699375,3.82543590668591,3.58539562289562,3.00410052910053,2.27758537758538,3.92079789119263,3.69393939393939,3.14285714285714,3,3,3,3,3,4,3,3.14285714285714,3.78768588221808,3.78766253006594,3.51218202482485,2.96054263078653,2.27501499165091,3.87070757179077,3.62303291361321
3,"AD_296",NA,NA,NA,NA,NA,NA,NA,0,3.82511874699375,3.82543590668591,3.58539562289562,3.00410052910053,2.27758537758538,3.92079789119263,3.69393939393939,NA,NA,NA,NA,NA,NA,NA,NA,NA,3.78768588221808,3.78766253006594,3.51218202482485,2.96054263078653,2.27501499165091,3.87070757179077,3.62303291361321
3,"AD_47",3.42857142857143,3.47619047619048,3.45,3.1,2.45,3.78947368421053,3.75,21,3.82511874699375,3.82543590668591,3.58539562289562,3.00410052910053,2.27758537758538,3.92079789119263,3.69393939393939,3.34917651271035,3.35370569902009,3.40064372295054,3.30357280385846,3.012884203372,2.44485922813107,3.68929304540681,3.60818703934763,3.24671777438326,3.78768588221808,3.78766253006594,3.51218202482485,2.96054263078653,2.27501499165091,3.87070757179077,3.62303291361321
3,"AD_94",4.25,4.125,4,3.57142857142857,1.57142857142857,4.5,4.25,8,3.82511874699375,3.82543590668591,3.58539562289562,3.00410052910053,2.27758537758538,3.92079789119263,3.69393939393939,3.75255102040816,4.17513427044867,4.04945324676006,3.85357280385846,3.48431277480057,1.56628779955964,4.39981936119628,4.10818703934763,3.65009228208107,3.78768588221808,3.78766253006594,3.51218202482485,2.96054263078653,2.27501499165091,3.87070757179077,3.62303291361321
5,"AD_190",3.6,4,4.4,3.6,3,4,4,5,4.19326923076923,3.72115384615385,3.96057692307692,3.29903846153846,2.86538461538462,4,4.00480769230769,3.8,3.52513427044867,3.92445324676006,4.25357280385846,3.512884203372,2.99485922813107,3.89981936119628,3.85818703934763,3.69754126167291,4.13711993360573,3.66449378122389,3.85075652597076,3.23370161406746,2.86152903648291,3.92486452089721,3.89844797181842
5,"AD_102",5,4,4,4,4,4,4,1,4.19326923076923,3.72115384615385,3.96057692307692,3.29903846153846,2.86538461538462,4,4.00480769230769,4.14285714285714,5,4,4,4,4,4,4,4.14285714285714,4.13711993360573,3.66449378122389,3.85075652597076,3.23370161406746,2.86152903648291,3.92486452089721,3.89844797181842
5,"AD_250",4.25,3.5,3.75,2.75,2,4,4.25,4,4.19326923076923,3.72115384615385,3.96057692307692,3.29903846153846,2.86538461538462,4,4.00480769230769,3.5,4.17513427044867,3.42445324676006,3.60357280385846,2.662884203372,1.99485922813107,3.89981936119628,4.10818703934763,3.39754126167291,4.13711993360573,3.66449378122389,3.85075652597076,3.23370161406746,2.86152903648291,3.92486452089721,3.89844797181842
5,"AD_142",3.92307692307692,3.38461538461538,3.69230769230769,2.84615384615385,2.46153846153846,4,3.76923076923077,13,4.19326923076923,3.72115384615385,3.96057692307692,3.29903846153846,2.86538461538462,4,4.00480769230769,3.43956043956044,3.84821119352559,3.30906863137544,3.54588049616615,2.75903804952585,2.45639768966953,3.89981936119628,3.6274178085784,3.33710170123335,4.13711993360573,3.66449378122389,3.85075652597076,3.23370161406746,2.86152903648291,3.92486452089721,3.89844797181842
7,"AD_230",3.5,3.5,3.75,3.25,3,4,3.75,4,3.55555555555556,3.71111111111111,3.66111111111111,2.45,2.01111111111111,3.93333333333333,3.68333333333333,3.53571428571429,3.5,3.5,3.75,3.25,3,4,3.75,3.53571428571429,3.52560926373502,3.68089240981513,3.60254023265449,2.4151536813488,2.00905480236354,3.89326107781185,3.62660814907239
7,"AD_104",3.77777777777778,3.55555555555556,3.55555555555556,3,2.55555555555556,3.66666666666667,3.66666666666667,9,3.55555555555556,3.71111111111111,3.66111111111111,2.45,2.01111111111111,3.93333333333333,3.68333333333333,3.3968253968254,3.77777777777778,3.55555555555556,3.55555555555556,3,2.55555555555556,3.66666666666667,3.66666666666667,3.3968253968254,3.52560926373502,3.68089240981513,3.60254023265449,2.4151536813488,2.00905480236354,3.89326107781185,3.62660814907239
7,"AD_186",3.5,3.5,4,2,1.5,4,3,2,3.55555555555556,3.71111111111111,3.66111111111111,2.45,2.01111111111111,3.93333333333333,3.68333333333333,3.07142857142857,3.42513427044867,3.42445324676006,3.85357280385846,1.912884203372,1.49485922813107,3.89981936119628,2.85818703934763,2.96896983310148,3.52560926373502,3.68089240981513,3.60254023265449,2.4151536813488,2.00905480236354,3.89326107781185,3.62660814907239
7,"AD_312",NA,NA,NA,NA,NA,NA,NA,0,3.55555555555556,3.71111111111111,3.66111111111111,2.45,2.01111111111111,3.93333333333333,3.68333333333333,NA,NA,NA,NA,NA,NA,NA,NA,NA,3.52560926373502,3.68089240981513,3.60254023265449,2.4151536813488,2.00905480236354,3.89326107781185,3.62660814907239
7,"AD_64",4,4,3,2,2,4,4,1,3.55555555555556,3.71111111111111,3.66111111111111,2.45,2.01111111111111,3.93333333333333,3.68333333333333,3.28571428571429,3.92513427044867,3.92445324676006,2.85357280385846,1.912884203372,1.99485922813107,3.89981936119628,3.85818703934763,3.18325554738719,3.52560926373502,3.68089240981513,3.60254023265449,2.4151536813488,2.00905480236354,3.89326107781185,3.62660814907239
7,"AD_116",3,4,4,2,1,4,4,1,3.55555555555556,3.71111111111111,3.66111111111111,2.45,2.01111111111111,3.93333333333333,3.68333333333333,3.14285714285714,3,4,4,2,1,4,4,3.14285714285714,3.52560926373502,3.68089240981513,3.60254023265449,2.4151536813488,2.00905480236354,3.89326107781185,3.62660814907239
9,"AD_307",4,3.75,3.58333333333333,3.16666666666667,2.75,3.5,3.16666666666667,12,4.00238095238095,3.58765432098765,3.54753086419753,3.02222222222222,2.37962962962963,3.60987654320988,3.57257495590829,3.41666666666667,4,3.75,3.58333333333333,3.16666666666667,2.75,3.5,3.16666666666667,3.41666666666667,3.96910729480258,3.55407798621435,3.48245211035684,2.98350409038756,2.37734484213233,3.56535181485267,3.50954697339613
9,"AD_154",4.33333333333333,3.66666666666667,3.33333333333333,3,2,4,3.33333333333333,3,4.00238095238095,3.58765432098765,3.54753086419753,3.02222222222222,2.37962962962963,3.60987654320988,3.57257495590829,3.38095238095238,4.33333333333333,3.66666666666667,3.33333333333333,3,2,4,3.33333333333333,3.38095238095238,3.96910729480258,3.55407798621435,3.48245211035684,2.98350409038756,2.37734484213233,3.56535181485267,3.50954697339613
9,"AD_316",3.8,3.2,3,2.2,1.6,3.2,3,5,4.00238095238095,3.58765432098765,3.54753086419753,3.02222222222222,2.37962962962963,3.60987654320988,3.57257495590829,2.85714285714286,3.8,3.2,3,2.2,1.6,3.2,3,2.85714285714286,3.96910729480258,3.55407798621435,3.48245211035684,2.98350409038756,2.37734484213233,3.56535181485267,3.50954697339613
9,"AD_58",2.83333333333333,3.33333333333333,3.66666666666667,3.33333333333333,3,3.5,3.33333333333333,6,4.00238095238095,3.58765432098765,3.54753086419753,3.02222222222222,2.37962962962963,3.60987654320988,3.57257495590829,3.28571428571429,2.758467603782,3.25778658009339,3.52023947052512,3.24621753670533,2.99485922813107,3.39981936119628,3.19152037268096,3.18325554738719,3.96910729480258,3.55407798621435,3.48245211035684,2.98350409038756,2.37734484213233,3.56535181485267,3.50954697339613
9,"AD_106",4.25,3.75,3.33333333333333,3,2,3.66666666666667,3.75,4,4.00238095238095,3.58765432098765,3.54753086419753,3.02222222222222,2.37962962962963,3.60987654320988,3.57257495590829,3.39285714285714,4.25,3.75,3.33333333333333,3,2,3.66666666666667,3.75,3.39285714285714,3.96910729480258,3.55407798621435,3.48245211035684,2.98350409038756,2.37734484213233,3.56535181485267,3.50954697339613
9,"AD_68",4.66666666666667,3.88888888888889,3.77777777777778,3.33333333333333,2.66666666666667,3.88888888888889,3.88888888888889,9,4.00238095238095,3.58765432098765,3.54753086419753,3.02222222222222,2.37962962962963,3.60987654320988,3.57257495590829,3.73015873015873,4.59180093711533,3.81334213564895,3.63135058163623,3.24621753670533,2.66152589479773,3.78870825008517,3.74707592823652,3.62769999183164,3.96910729480258,3.55407798621435,3.48245211035684,2.98350409038756,2.37734484213233,3.56535181485267,3.50954697339613
9,"AD_199",4.06666666666667,3.53333333333333,3.73333333333333,3.33333333333333,2.73333333333333,3.73333333333333,3.46666666666667,15,4.00238095238095,3.58765432098765,3.54753086419753,3.02222222222222,2.37962962962963,3.60987654320988,3.57257495590829,3.51428571428571,3.99180093711533,3.45778658009339,3.58690613719179,3.24621753670533,2.7281925614644,3.63315269452961,3.3248537060143,3.41182697595862,3.96910729480258,3.55407798621435,3.48245211035684,2.98350409038756,2.37734484213233,3.56535181485267,3.50954697339613
9,"AD_165",4.5,3.5,4,3,2.5,3.5,4.5,2,4.00238095238095,3.58765432098765,3.54753086419753,3.02222222222222,2.37962962962963,3.60987654320988,3.57257495590829,3.64285714285714,4.42513427044867,3.42445324676006,3.85357280385846,2.912884203372,2.49485922813107,3.39981936119628,4.35818703934763,3.54039840453005,3.96910729480258,3.55407798621435,3.48245211035684,2.98350409038756,2.37734484213233,3.56535181485267,3.50954697339613
9,"AD_156",3.57142857142857,3.66666666666667,3.5,2.83333333333333,2.16666666666667,3.5,3.71428571428571,7,4.00238095238095,3.58765432098765,3.54753086419753,3.02222222222222,2.37962962962963,3.60987654320988,3.57257495590829,3.27891156462585,3.57142857142857,3.66666666666667,3.5,2.83333333333333,2.16666666666667,3.5,3.71428571428571,3.27891156462585,3.96910729480258,3.55407798621435,3.48245211035684,2.98350409038756,2.37734484213233,3.56535181485267,3.50954697339613
11,"AD_109",NA,NA,NA,NA,NA,NA,NA,0,4.2,4.55,3.35,2.85,2.4,3.65,4,NA,NA,NA,NA,NA,NA,NA,NA,NA,4.12513427044867,4.47445324676006,3.20357280385846,2.762884203372,2.39485922813107,3.54981936119628,3.85818703934763
11,"AD_133",5,4.5,3.5,2.5,2,3.5,4,2,4.2,4.55,3.35,2.85,2.4,3.65,4,3.57142857142857,4.92513427044867,4.42445324676006,3.35357280385846,2.412884203372,1.99485922813107,3.39981936119628,3.85818703934763,3.46896983310148,4.12513427044867,4.47445324676006,3.20357280385846,2.762884203372,2.39485922813107,3.54981936119628,3.85818703934763
11,"AD_174",3.4,4.6,3.2,3.2,2.8,3.8,4,5,4.2,4.55,3.35,2.85,2.4,3.65,4,3.57142857142857,3.32513427044867,4.52445324676006,3.05357280385846,3.112884203372,2.79485922813107,3.69981936119628,3.85818703934763,3.46896983310148,4.12513427044867,4.47445324676006,3.20357280385846,2.762884203372,2.39485922813107,3.54981936119628,3.85818703934763
13,"AD_211",NA,NA,NA,NA,NA,NA,NA,0,5,4,4,3.5,2.5,4,4,NA,NA,NA,NA,NA,NA,NA,NA,NA,4.92513427044867,3.92445324676006,3.85357280385846,3.412884203372,2.49485922813107,3.89981936119628,3.85818703934763
13,"AD_110",5,4,4,3.5,2.5,4,4,2,5,4,4,3.5,2.5,4,4,3.85714285714286,4.92513427044867,3.92445324676006,3.85357280385846,3.412884203372,2.49485922813107,3.89981936119628,3.85818703934763,3.75468411881577,4.92513427044867,3.92445324676006,3.85357280385846,3.412884203372,2.49485922813107,3.89981936119628,3.85818703934763
15,"AD_124",4.16666666666667,4.5,3.8,3.6,2.66666666666667,3.8,4,6,4.20833333333333,4.5,3.9,3.675,2,3.73333333333333,4.375,3.79047619047619,4.09180093711533,4.42445324676006,3.65357280385845,3.512884203372,2.66152589479773,3.69981936119628,3.85818703934763,3.6880174521491,4.17090046855767,4.46222662338003,3.82678640192923,3.631442101686,1.99742961406553,3.68324301393147,4.30409351967382
15,"AD_113",4.25,4.5,4,3.75,1.33333333333333,3.66666666666667,4.75,4,4.20833333333333,4.5,3.9,3.675,2,3.73333333333333,4.375,3.75,4.25,4.5,4,3.75,1.33333333333333,3.66666666666667,4.75,3.75,4.17090046855767,4.46222662338003,3.82678640192923,3.631442101686,1.99742961406553,3.68324301393147,4.30409351967382
20,"AD_82",3.83333333333333,4.16666666666667,3.83333333333333,3.16666666666667,2,3.8,4,6,4.01388888888889,4.05555555555556,3.95833333333333,3.29166666666667,2.33333333333333,3.78055555555556,3.84722222222222,3.54285714285714,3.758467603782,4.09111991342673,3.68690613719179,3.07955087003867,1.99485922813107,3.69981936119628,3.85818703934763,3.44039840453005,3.96397840252133,4.00519105339559,3.8607152025723,3.23358946891467,2.32990615208738,3.71376846301974,3.75268024845398
20,"AD_119",4.33333333333333,4,4.16666666666667,3.83333333333333,2.5,3.66666666666667,3.16666666666667,6,4.01388888888889,4.05555555555556,3.95833333333333,3.29166666666667,2.33333333333333,3.78055555555556,3.84722222222222,3.66666666666667,4.258467603782,3.92445324676006,4.02023947052512,3.74621753670533,2.49485922813107,3.56648602786295,3.0248537060143,3.56420792833958,3.96397840252133,4.00519105339559,3.8607152025723,3.23358946891467,2.32990615208738,3.71376846301974,3.75268024845398
20,"AD_37",3.875,4,3.875,2.875,2.5,3.875,4.375,8,4.01388888888889,4.05555555555556,3.95833333333333,3.29166666666667,2.33333333333333,3.78055555555556,3.84722222222222,3.625,3.875,4,3.875,2.875,2.5,3.875,4.375,3.625,3.96397840252133,4.00519105339559,3.8607152025723,3.23358946891467,2.32990615208738,3.71376846301974,3.75268024845398
21,"AD_299",3.77777777777778,3.44444444444444,3.33333333333333,3.11111111111111,1.88888888888889,3.88888888888889,3.88888888888889,9,3.73555555555556,3.61888888888889,3.63,3.26888888888889,2.04444444444444,3.71111111111111,3.68444444444444,3.33333333333333,3.70291204822644,3.3688976912045,3.18690613719179,3.02399531448311,1.88374811701995,3.78870825008517,3.74707592823652,3.23087459500624,3.67566297191449,3.55845148629694,3.51285824308676,3.19919625158649,2.0403318269493,3.63096660006814,3.57099407592255
21,"AD_241",3.4,3.4,3.4,3.25,2.25,3.5,3.2,5,3.73555555555556,3.61888888888889,3.63,3.26888888888889,2.04444444444444,3.71111111111111,3.68444444444444,3.2,3.4,3.4,3.4,3.25,2.25,3.5,3.2,3.2,3.67566297191449,3.55845148629694,3.51285824308676,3.19919625158649,2.0403318269493,3.63096660006814,3.57099407592255
21,"AD_120",3.66666666666667,3.83333333333333,3.66666666666667,3.4,1.83333333333333,3.5,4,6,3.73555555555556,3.61888888888889,3.63,3.26888888888889,2.04444444444444,3.71111111111111,3.68444444444444,3.41428571428571,3.59180093711533,3.75778658009339,3.52023947052512,3.312884203372,1.8281925614644,3.39981936119628,3.85818703934763,3.31182697595862,3.67566297191449,3.55845148629694,3.51285824308676,3.19919625158649,2.0403318269493,3.63096660006814,3.57099407592255
21,"AD_26",3.5,3.75,3.75,3.25,2.25,4,4,4,3.73555555555556,3.61888888888889,3.63,3.26888888888889,2.04444444444444,3.71111111111111,3.68444444444444,3.5,3.42513427044867,3.67445324676006,3.60357280385846,3.162884203372,2.24485922813107,3.89981936119628,3.85818703934763,3.39754126167291,3.67566297191449,3.55845148629694,3.51285824308676,3.19919625158649,2.0403318269493,3.63096660006814,3.57099407592255
21,"AD_346",4.33333333333333,3.66666666666667,4,3.33333333333333,2,3.66666666666667,3.33333333333333,3,3.73555555555556,3.61888888888889,3.63,3.26888888888889,2.04444444444444,3.71111111111111,3.68444444444444,3.47619047619048,4.258467603782,3.59111991342673,3.85357280385846,3.24621753670533,1.99485922813107,3.56648602786295,3.19152037268096,3.37373173786338,3.67566297191449,3.55845148629694,3.51285824308676,3.19919625158649,2.0403318269493,3.63096660006814,3.57099407592255
23,"AD_321",4.26315789473684,4.16666666666667,3.52941176470588,3.11764705882353,2.70588235294118,3.88235294117647,3.64705882352941,19,4.06716149347728,3.91367521367521,3.46143790849673,3.00686274509804,2.76895424836601,3.76535947712418,3.56274509803922,3.61602535751143,4.18829216518551,4.09111991342673,3.38298456856434,3.03053126219553,2.70074158107224,3.78217230237275,3.50524586287704,3.51356661918433,4.02224205574648,3.86834716173125,3.3735815908118,2.95459326712124,2.76586978524465,3.70525109384195,3.47765732164779
23,"AD_63",3.46153846153846,3.84615384615385,3.5,3.08333333333333,2.75,3.5,3.33333333333333,13,4.06716149347728,3.91367521367521,3.46143790849673,3.00686274509804,2.76895424836601,3.76535947712418,3.56274509803922,3.35347985347985,3.38667273198713,3.77060709291391,3.35357280385846,2.99621753670533,2.74485922813107,3.39981936119628,3.19152037268096,3.25102111515276,4.02224205574648,3.86834716173125,3.3735815908118,2.95459326712124,2.76586978524465,3.70525109384195,3.47765732164779
23,"AD_324",4.11111111111111,4.05555555555556,3.77777777777778,3,3.05555555555556,3.94444444444444,3.5,18,4.06716149347728,3.91367521367521,3.46143790849673,3.00686274509804,2.76895424836601,3.76535947712418,3.56274509803922,3.63492063492063,4.03624538155978,3.98000880231561,3.63135058163623,2.912884203372,3.05041478368662,3.84426380564073,3.35818703934763,3.53246189659354,4.02224205574648,3.86834716173125,3.3735815908118,2.95459326712124,2.76586978524465,3.70525109384195,3.47765732164779
23,"AD_122",4.5,3.83333333333333,3.5,3.16666666666667,3,3.83333333333333,3.66666666666667,6,4.06716149347728,3.91367521367521,3.46143790849673,3.00686274509804,2.76895424836601,3.76535947712418,3.56274509803922,3.64285714285714,4.5,3.83333333333333,3.5,3.16666666666667,3,3.83333333333333,3.66666666666667,3.64285714285714,4.02224205574648,3.86834716173125,3.3735815908118,2.95459326712124,2.76586978524465,3.70525109384195,3.47765732164779
23,"AD_141",4,3.66666666666667,3,2.66666666666667,2.33333333333333,3.66666666666667,3.66666666666667,5,4.06716149347728,3.91367521367521,3.46143790849673,3.00686274509804,2.76895424836601,3.76535947712418,3.56274509803922,3.28571428571429,4,3.66666666666667,3,2.66666666666667,2.33333333333333,3.66666666666667,3.66666666666667,3.28571428571429,4.02224205574648,3.86834716173125,3.3735815908118,2.95459326712124,2.76586978524465,3.70525109384195,3.47765732164779
24,"AD_123",5,4,4,3.5,2.5,3.5,3.5,2,4.4375,4,3.9375,3.39285714285714,2.5,3.75,3.625,3.71428571428571,4.92513427044867,3.92445324676006,3.85357280385846,3.412884203372,2.49485922813107,3.39981936119628,3.35818703934763,3.61182697595862,4.40006713522433,3.96222662338003,3.86428640192923,3.34929924454314,2.49742961406553,3.69990968059814,3.55409351967382
24,"AD_216",3.875,4,3.875,3.28571428571429,2.5,4,3.75,8,4.4375,4,3.9375,3.39285714285714,2.5,3.75,3.625,3.61224489795918,3.875,4,3.875,3.28571428571429,2.5,4,3.75,3.61224489795918,4.40006713522433,3.96222662338003,3.86428640192923,3.34929924454314,2.49742961406553,3.69990968059814,3.55409351967382
28,"AD_129",NA,NA,NA,NA,NA,NA,NA,0,NA,NA,NA,NA,NA,NA,NA,NA,NA,NA,NA,NA,NA,NA,NA,NA,NA,NA,NA,NA,NA,NA,NA
28,"AD_72",NA,NA,NA,NA,NA,NA,NA,0,NA,NA,NA,NA,NA,NA,NA,NA,NA,NA,NA,NA,NA,NA,NA,NA,NA,NA,NA,NA,NA,NA,NA
31,"AD_335",3.82352941176471,3.88235294117647,4.05882352941176,3.33333333333333,2.28571428571429,4,3.86666666666667,17,3.4081550802139,3.44558823529412,3.79387254901961,3.13245614035088,2.38721804511278,3.85297619047619,3.90416666666667,3.60720288115246,3.74866368221337,3.80680618793653,3.91239633327022,3.24621753670533,2.28057351384535,3.89981936119628,3.7248537060143,3.50474414282537,3.3520057830504,3.38892817036416,3.68405215191345,3.06711929287988,2.38336246621108,3.7778407113734,3.79780694617739
31,"AD_60",3.5,3,3.66666666666667,3.33333333333333,3,4.25,3.75,4,3.4081550802139,3.44558823529412,3.79387254901961,3.13245614035088,2.38721804511278,3.85297619047619,3.90416666666667,3.5,3.5,3,3.66666666666667,3.33333333333333,3,4.25,3.75,3.5,3.3520057830504,3.38892817036416,3.68405215191345,3.06711929287988,2.38336246621108,3.7778407113734,3.79780694617739
31,"AD_131",2.4,2.8,3.6,2.6,2,3.4,4.2,5,3.4081550802139,3.44558823529412,3.79387254901961,3.13245614035088,2.38721804511278,3.85297619047619,3.90416666666667,3,2.32513427044867,2.72445324676006,3.45357280385846,2.512884203372,1.99485922813107,3.29981936119628,4.05818703934763,2.89754126167291,3.3520057830504,3.38892817036416,3.68405215191345,3.06711929287988,2.38336246621108,3.7778407113734,3.79780694617739
31,"AD_56",3.90909090909091,4.1,3.85,3.26315789473684,2.26315789473684,3.76190476190476,3.8,22,3.4081550802139,3.44558823529412,3.79387254901961,3.13245614035088,2.38721804511278,3.85297619047619,3.90416666666667,3.56390163720991,3.83422517953957,4.02445324676006,3.70357280385846,3.17604209810884,2.25801712286791,3.66172412310104,3.65818703934763,3.46144289888282,3.3520057830504,3.38892817036416,3.68405215191345,3.06711929287988,2.38336246621108,3.7778407113734,3.79780694617739
32,"AD_98",4.2,4,4,3.5,1.66666666666667,4.66666666666667,4,5,3.68913139329806,3.80281606794765,3.65181008075745,3.07385912698413,2.84387930610841,3.94626670843776,3.59866071428571,3.71904761904762,4.12513427044867,3.92445324676006,3.85357280385846,3.412884203372,1.66152589479773,4.56648602786295,3.85818703934763,3.61658888072053,3.6392209069305,3.75245156578769,3.55419194999642,3.00852227951313,2.84025052596563,3.8773925192602,3.50116430383721
32,"AD_28",3,3,3,NA,3,NA,3,1,3.68913139329806,3.80281606794765,3.65181008075745,3.07385912698413,2.84387930610841,3.94626670843776,3.59866071428571,3,3,3,3,NA,3,NA,3,3,3.6392209069305,3.75245156578769,3.55419194999642,3.00852227951313,2.84025052596563,3.8773925192602,3.50116430383721
32,"AD_308",4,3.89473684210526,3.63157894736842,3,2.61111111111111,4.11111111111111,3.72222222222222,19,3.68913139329806,3.80281606794765,3.65181008075745,3.07385912698413,2.84387930610841,3.94626670843776,3.59866071428571,3.5672514619883,3.92513427044867,3.81919008886532,3.48515175122688,2.912884203372,2.60597033924218,4.01093047230739,3.58040926156985,3.46479272366121,3.6392209069305,3.75245156578769,3.55419194999642,3.00852227951313,2.84025052596563,3.8773925192602,3.50116430383721
32,"AD_170",4.3,4.11111111111111,3.55555555555556,3.22222222222222,3,4.11111111111111,4.1,10,3.68913139329806,3.80281606794765,3.65181008075745,3.07385912698413,2.84387930610841,3.94626670843776,3.59866071428571,3.77142857142857,4.22513427044867,4.03556435787117,3.40912835941401,3.13510642559422,2.99485922813107,4.01093047230739,3.95818703934763,3.66896983310148,3.6392209069305,3.75245156578769,3.55419194999642,3.00852227951313,2.84025052596563,3.8773925192602,3.50116430383721
32,"AD_348",3.88888888888889,3.88888888888889,3.44444444444444,3,3,3.66666666666667,3.77777777777778,9,3.68913139329806,3.80281606794765,3.65181008075745,3.07385912698413,2.84387930610841,3.94626670843776,3.59866071428571,3.52380952380952,3.81402315933755,3.81334213564895,3.2980172483029,2.912884203372,2.99485922813107,3.56648602786295,3.63596481712541,3.42135078548243,3.6392209069305,3.75245156578769,3.55419194999642,3.00852227951313,2.84025052596563,3.8773925192602,3.50116430383721
32,"AD_182",4,3.875,3.85714285714286,3.33333333333333,3,4,3.85714285714286,8,3.68913139329806,3.80281606794765,3.65181008075745,3.07385912698413,2.84387930610841,3.94626670843776,3.59866071428571,3.70323129251701,3.92513427044867,3.79945324676006,3.71071566100131,3.24621753670533,2.99485922813107,3.89981936119628,3.71532989649049,3.60077255418992,3.6392209069305,3.75245156578769,3.55419194999642,3.00852227951313,2.84025052596563,3.8773925192602,3.50116430383721
32,"AD_86",4.33333333333333,4,3.5,2.5,2.66666666666667,3.5,4,3,3.68913139329806,3.80281606794765,3.65181008075745,3.07385912698413,2.84387930610841,3.94626670843776,3.59866071428571,3.5,4.33333333333333,4,3.5,2.5,2.66666666666667,3.5,4,3.5,3.6392209069305,3.75245156578769,3.55419194999642,3.00852227951313,2.84025052596563,3.8773925192602,3.50116430383721
32,"AD_153",4.28571428571429,4.14285714285714,3.85714285714286,3.28571428571429,3.14285714285714,3.85714285714286,4.14285714285714,7,3.68913139329806,3.80281606794765,3.65181008075745,3.07385912698413,2.84387930610841,3.94626670843776,3.59866071428571,3.81632653061224,4.21084855616295,4.0673103896172,3.71071566100131,3.19859848908629,3.13771637098821,3.75696221833914,4.00104418220478,3.71386779228515,3.6392209069305,3.75245156578769,3.55419194999642,3.00852227951313,2.84025052596563,3.8773925192602,3.50116430383721
32,"AD_138",4,3.6,4,2.8,3.2,3.8,3.4,5,3.68913139329806,3.80281606794765,3.65181008075745,3.07385912698413,2.84387930610841,3.94626670843776,3.59866071428571,3.54285714285714,4,3.6,4,2.8,3.2,3.8,3.4,3.54285714285714,3.6392209069305,3.75245156578769,3.55419194999642,3.00852227951313,2.84025052596563,3.8773925192602,3.50116430383721
32,"AD_52",3,3.6,3.2,3.25,3.2,3.4,3.2,5,3.68913139329806,3.80281606794765,3.65181008075745,3.07385912698413,2.84387930610841,3.94626670843776,3.59866071428571,3.26428571428571,3,3.6,3.2,3.25,3.2,3.4,3.2,3.26428571428571,3.6392209069305,3.75245156578769,3.55419194999642,3.00852227951313,2.84025052596563,3.8773925192602,3.50116430383721
32,"AD_71",3.66666666666667,4.66666666666667,4.33333333333333,3.33333333333333,2.66666666666667,4.66666666666667,4,3,3.68913139329806,3.80281606794765,3.65181008075745,3.07385912698413,2.84387930610841,3.94626670843776,3.59866071428571,3.9047619047619,3.59180093711533,4.59111991342673,4.18690613719179,3.24621753670533,2.66152589479773,4.56648602786295,3.85818703934763,3.80230316643481,3.6392209069305,3.75245156578769,3.55419194999642,3.00852227951313,2.84025052596563,3.8773925192602,3.50116430383721
32,"AD_5",2,3.5,4,3,3,NA,NA,2,3.68913139329806,3.80281606794765,3.65181008075745,3.07385912698413,2.84387930610841,3.94626670843776,3.59866071428571,3.1,1.92513427044867,3.42445324676006,3.85357280385846,2.912884203372,2.99485922813107,NA,NA,2.99754126167291,3.6392209069305,3.75245156578769,3.55419194999642,3.00852227951313,2.84025052596563,3.8773925192602,3.50116430383721
32,"AD_66",2.66666666666667,2.83333333333333,2.83333333333333,2.75,2.8,3.2,2.4,6,3.68913139329806,3.80281606794765,3.65181008075745,3.07385912698413,2.84387930610841,3.94626670843776,3.59866071428571,2.78333333333333,2.59180093711533,2.75778658009339,2.68690613719179,2.662884203372,2.79485922813107,3.09981936119628,2.25818703934763,2.68087459500624,3.6392209069305,3.75245156578769,3.55419194999642,3.00852227951313,2.84025052596563,3.8773925192602,3.50116430383721
32,"AD_73",4.45,4.1,3.21052631578947,2.55,2.31578947368421,3.78947368421053,3.55,20,3.68913139329806,3.80281606794765,3.65181008075745,3.07385912698413,2.84387930610841,3.94626670843776,3.59866071428571,3.42368421052632,4.45,4.1,3.21052631578947,2.55,2.31578947368421,3.78947368421053,3.55,3.42368421052632,3.6392209069305,3.75245156578769,3.55419194999642,3.00852227951313,2.84025052596563,3.8773925192602,3.50116430383721
32,"AD_135",3.875,4,3.85714285714286,3.28571428571429,3.14285714285714,4.28571428571429,4,8,3.68913139329806,3.80281606794765,3.65181008075745,3.07385912698413,2.84387930610841,3.94626670843776,3.59866071428571,3.7780612244898,3.80013427044867,3.92445324676006,3.71071566100131,3.19859848908629,3.13771637098821,4.18553364691057,3.85818703934763,3.6756024861627,3.6392209069305,3.75245156578769,3.55419194999642,3.00852227951313,2.84025052596563,3.8773925192602,3.50116430383721
32,"AD_206",3,3,4,NA,NA,4,NA,1,3.68913139329806,3.80281606794765,3.65181008075745,3.07385912698413,2.84387930610841,3.94626670843776,3.59866071428571,3.5,3,3,4,NA,NA,4,NA,3.5,3.6392209069305,3.75245156578769,3.55419194999642,3.00852227951313,2.84025052596563,3.8773925192602,3.50116430383721
32,"AD_67",4.16666666666667,3.66666666666667,3.16666666666667,2.8,2.6,3.8,3,6,3.68913139329806,3.80281606794765,3.65181008075745,3.07385912698413,2.84387930610841,3.94626670843776,3.59866071428571,3.31428571428571,4.09180093711533,3.59111991342673,3.02023947052512,2.712884203372,2.59485922813107,3.69981936119628,2.85818703934763,3.21182697595862,3.6392209069305,3.75245156578769,3.55419194999642,3.00852227951313,2.84025052596563,3.8773925192602,3.50116430383721
32,"AD_93",3.57142857142857,4.57142857142857,4.28571428571429,3.57142857142857,3.33333333333333,4.28571428571429,3.42857142857143,7,3.68913139329806,3.80281606794765,3.65181008075745,3.07385912698413,2.84387930610841,3.94626670843776,3.59866071428571,3.86394557823129,3.49656284187724,4.49588181818863,4.13928708957274,3.48431277480057,3.3281925614644,4.18553364691057,3.28675846791906,3.7614868399042,3.6392209069305,3.75245156578769,3.55419194999642,3.00852227951313,2.84025052596563,3.8773925192602,3.50116430383721
33,"AD_136",3.5,3.33333333333333,3.33333333333333,1.66666666666667,1.66666666666667,3.66666666666667,3,4,3.5,3.33333333333333,3.33333333333333,1.66666666666667,1.66666666666667,3.66666666666667,3,2.88095238095238,3.42513427044867,3.25778658009339,3.18690613719179,1.57955087003867,1.66152589479773,3.56648602786295,2.85818703934763,2.77849364262529,3.42513427044867,3.25778658009339,3.18690613719179,1.57955087003867,1.66152589479773,3.56648602786295,2.85818703934763
34,"AD_139",3,3,3,2,2,4,4,1,3,3,3,2,2,4,4,3,3,3,3,2,2,4,4,3,3,3,3,2,2,4,4
35,"AD_27",3.625,3.375,2.875,2.625,2,4,3.375,8,3.8125,3.62519841269841,3.47777777777778,2.85813492063492,2.55079365079365,3.76388888888889,3.66111111111111,3.125,3.55013427044867,3.29945324676006,2.72857280385846,2.537884203372,1.99485922813107,3.89981936119628,3.23318703934763,3.02254126167291,3.76258951363244,3.57483391053845,3.38015964701675,2.80005772288292,2.54736646954769,3.69710179635308,3.56656913734287
35,"AD_14",3,3.4,3.2,3,2.4,4,2.8,5,3.8125,3.62519841269841,3.47777777777778,2.85813492063492,2.55079365079365,3.76388888888889,3.66111111111111,3.11428571428571,2.92513427044867,3.32445324676006,3.05357280385846,2.912884203372,2.39485922813107,3.89981936119628,2.65818703934763,3.01182697595862,3.76258951363244,3.57483391053845,3.38015964701675,2.80005772288292,2.54736646954769,3.69710179635308,3.56656913734287
35,"AD_235",4.33333333333333,4,3.33333333333333,2.33333333333333,2.66666666666667,4,4,3,3.8125,3.62519841269841,3.47777777777778,2.85813492063492,2.55079365079365,3.76388888888889,3.66111111111111,3.52380952380952,4.258467603782,3.92445324676006,3.18690613719179,2.24621753670533,2.66152589479773,3.89981936119628,3.85818703934763,3.42135078548243,3.76258951363244,3.57483391053845,3.38015964701675,2.80005772288292,2.54736646954769,3.69710179635308,3.56656913734287
35,"AD_226",NA,NA,NA,NA,NA,NA,NA,0,3.8125,3.62519841269841,3.47777777777778,2.85813492063492,2.55079365079365,3.76388888888889,3.66111111111111,NA,NA,NA,NA,NA,NA,NA,NA,NA,3.76258951363244,3.57483391053845,3.38015964701675,2.80005772288292,2.54736646954769,3.69710179635308,3.56656913734287
35,"AD_245",4.25,4.14285714285714,4.125,2.85714285714286,2.57142857142857,3.25,3.625,8,3.8125,3.62519841269841,3.47777777777778,2.85813492063492,2.55079365079365,3.76388888888889,3.66111111111111,3.54591836734694,4.17513427044867,4.0673103896172,3.97857280385846,2.77002706051486,2.56628779955964,3.14981936119628,3.48318703934763,3.44345962901985,3.76258951363244,3.57483391053845,3.38015964701675,2.80005772288292,2.54736646954769,3.69710179635308,3.56656913734287
35,"AD_164",3.5,3,3.5,3,3,3.5,4,2,3.8125,3.62519841269841,3.47777777777778,2.85813492063492,2.55079365079365,3.76388888888889,3.66111111111111,3.35714285714286,3.5,3,3.5,3,3,3.5,4,3.35714285714286,3.76258951363244,3.57483391053845,3.38015964701675,2.80005772288292,2.54736646954769,3.69710179635308,3.56656913734287
35,"AD_279",4.16666666666667,3.83333333333333,3.83333333333333,3.33333333333333,2.66666666666667,3.83333333333333,4.16666666666667,6,3.8125,3.62519841269841,3.47777777777778,2.85813492063492,2.55079365079365,3.76388888888889,3.66111111111111,3.69047619047619,4.16666666666667,3.83333333333333,3.83333333333333,3.33333333333333,2.66666666666667,3.83333333333333,4.16666666666667,3.69047619047619,3.76258951363244,3.57483391053845,3.38015964701675,2.80005772288292,2.54736646954769,3.69710179635308,3.56656913734287
38,"AD_59",4,4,3,2,2,4,4,1,3.22222222222222,3.69444444444444,3.5,2.25,2.27777777777778,4,3.83333333333333,3.28571428571429,4,4,3,2,2,4,4,3.28571428571429,3.19726697903844,3.66926219336446,3.45119093461948,2.220961401124,2.2760641871548,3.96660645373209,3.78606234644921
38,"AD_228",3,3.75,3.5,2.75,2.5,3.5,3.5,4,3.22222222222222,3.69444444444444,3.5,2.25,2.27777777777778,4,3.83333333333333,3.21428571428571,2.92513427044867,3.67445324676006,3.35357280385846,2.662884203372,2.49485922813107,3.39981936119628,3.35818703934763,3.11182697595862,3.19726697903844,3.66926219336446,3.45119093461948,2.220961401124,2.2760641871548,3.96660645373209,3.78606234644921
38,"AD_145",2.66666666666667,3.33333333333333,4,2,2.33333333333333,4.5,4,3,3.22222222222222,3.69444444444444,3.5,2.25,2.27777777777778,4,3.83333333333333,3.26190476190476,2.66666666666667,3.33333333333333,4,2,2.33333333333333,4.5,4,3.26190476190476,3.19726697903844,3.66926219336446,3.45119093461948,2.220961401124,2.2760641871548,3.96660645373209,3.78606234644921
39,"AD_99",4,4.33333333333333,4,3.42857142857143,1.85714285714286,4.14285714285714,4.28571428571429,7,4.09166666666667,4.20416666666667,3.95,3.22797619047619,2.03095238095238,4.00654761904762,4.33809523809524,3.72108843537415,4,4.33333333333333,4,3.42857142857143,1.85714285714286,4.14285714285714,4.28571428571429,3.72108843537415,4.054233801891,4.1663932900467,3.87678640192923,3.18441829216219,2.02838199501791,3.95645729964576,4.26718875776905
39,"AD_146",3.5,3.75,3.66666666666667,2.75,2,3.75,4.33333333333333,4,4.09166666666667,4.20416666666667,3.95,3.22797619047619,2.03095238095238,4.00654761904762,4.33809523809524,3.39285714285714,3.42513427044867,3.67445324676006,3.52023947052512,2.662884203372,1.99485922813107,3.64981936119628,4.19152037268096,3.29039840453005,4.054233801891,4.1663932900467,3.87678640192923,3.18441829216219,2.02838199501791,3.95645729964576,4.26718875776905
39,"AD_263",4.2,4.4,3.8,3.4,2.6,3.8,4.4,5,4.09166666666667,4.20416666666667,3.95,3.22797619047619,2.03095238095238,4.00654761904762,4.33809523809524,3.8,4.2,4.4,3.8,3.4,2.6,3.8,4.4,3.8,4.054233801891,4.1663932900467,3.87678640192923,3.18441829216219,2.02838199501791,3.95645729964576,4.26718875776905
39,"AD_83",4.66666666666667,4.33333333333333,4.33333333333333,3.33333333333333,1.66666666666667,4.33333333333333,4.33333333333333,3,4.09166666666667,4.20416666666667,3.95,3.22797619047619,2.03095238095238,4.00654761904762,4.33809523809524,3.85714285714286,4.59180093711533,4.25778658009339,4.18690613719179,3.24621753670533,1.66152589479773,4.23315269452961,4.19152037268096,3.75468411881577,4.054233801891,4.1663932900467,3.87678640192923,3.18441829216219,2.02838199501791,3.95645729964576,4.26718875776905
41,"AD_150",3.75,4.25,3.75,3,3,4.5,4,4,3.375,3.91666666666667,3.25,2.75,2.66666666666667,4.04166666666667,3.54166666666667,3.75,3.67513427044867,4.17445324676006,3.60357280385846,2.912884203372,2.99485922813107,4.39981936119628,3.85818703934763,3.64754126167291,3.33756713522433,3.8788932900467,3.17678640192923,2.706442101686,2.6640962807322,3.99157634726481,3.47076018634048
41,"AD_286",3,3.58333333333333,2.75,2.5,2.33333333333333,3.58333333333333,3.08333333333333,12,3.375,3.91666666666667,3.25,2.75,2.66666666666667,4.04166666666667,3.54166666666667,2.97619047619048,3,3.58333333333333,2.75,2.5,2.33333333333333,3.58333333333333,3.08333333333333,2.97619047619048,3.33756713522433,3.8788932900467,3.17678640192923,2.706442101686,2.6640962807322,3.99157634726481,3.47076018634048
43,"AD_247",3.6,2.8,2.6,2.5,2.2,2,3,5,3.3,3.4,3.3,2.5,2.6,2.5,3.33333333333333,2.67142857142857,3.52513427044867,2.72445324676006,2.45357280385846,2.412884203372,2.19485922813107,1.89981936119628,2.85818703934763,2.56896983310148,3.22513427044867,3.32445324676006,3.15357280385846,2.412884203372,2.59485922813107,2.39981936119628,3.19152037268096
43,"AD_152",3,4,4,2.5,3,3,3.66666666666667,3,3.3,3.4,3.3,2.5,2.6,2.5,3.33333333333333,3.30952380952381,2.92513427044867,3.92445324676006,3.85357280385846,2.412884203372,2.99485922813107,2.89981936119628,3.5248537060143,3.20706507119672,3.22513427044867,3.32445324676006,3.15357280385846,2.412884203372,2.59485922813107,2.39981936119628,3.19152037268096
44,"AD_155",2.33333333333333,2.66666666666667,3.5,3,2,3,3.66666666666667,3,2.97166666666667,3.32291666666667,3.25535714285714,2.83333333333333,2.26071428571429,3.8,3.7452380952381,2.88095238095238,2.258467603782,2.59111991342673,3.35357280385846,2.912884203372,1.99485922813107,2.89981936119628,3.5248537060143,2.77849364262529,2.94172037484613,3.2851432900467,3.18214354478637,2.78977543501933,2.25814389977982,3.74990968059814,3.67433161491191
44,"AD_183",3,3.8,3.2,3,2.4,3.8,4,5,2.97166666666667,3.32291666666667,3.25535714285714,2.83333333333333,2.26071428571429,3.8,3.7452380952381,3.31428571428571,2.92513427044867,3.72445324676006,3.05357280385846,2.912884203372,2.39485922813107,3.69981936119628,3.85818703934763,3.21182697595862,2.94172037484613,3.2851432900467,3.18214354478637,2.78977543501933,2.25814389977982,3.74990968059814,3.67433161491191
44,"AD_41",3,NA,NA,NA,NA,NA,NA,1,2.97166666666667,3.32291666666667,3.25535714285714,2.83333333333333,2.26071428571429,3.8,3.7452380952381,3,3,NA,NA,NA,NA,NA,NA,3,2.94172037484613,3.2851432900467,3.18214354478637,2.78977543501933,2.25814389977982,3.74990968059814,3.67433161491191
44,"AD_196",3.125,3.625,3.57142857142857,3,2.14285714285714,4,3.71428571428571,8,2.97166666666667,3.32291666666667,3.25535714285714,2.83333333333333,2.26071428571429,3.8,3.7452380952381,3.31122448979592,3.125,3.625,3.57142857142857,3,2.14285714285714,4,3.71428571428571,3.31122448979592,2.94172037484613,3.2851432900467,3.18214354478637,2.78977543501933,2.25814389977982,3.74990968059814,3.67433161491191
44,"AD_252",3.4,3.2,2.75,2.33333333333333,2.5,4.4,3.6,5,2.97166666666667,3.32291666666667,3.25535714285714,2.83333333333333,2.26071428571429,3.8,3.7452380952381,3.16904761904762,3.4,3.2,2.75,2.33333333333333,2.5,4.4,3.6,3.16904761904762,2.94172037484613,3.2851432900467,3.18214354478637,2.78977543501933,2.25814389977982,3.74990968059814,3.67433161491191
46,"AD_158",4.66666666666667,4.33333333333333,4.66666666666667,3.66666666666667,2.33333333333333,5,4.33333333333333,3,4.66666666666667,4.33333333333333,4.66666666666667,3.66666666666667,2.33333333333333,5,4.33333333333333,4.14285714285714,4.66666666666667,4.33333333333333,4.66666666666667,3.66666666666667,2.33333333333333,5,4.33333333333333,4.14285714285714,4.66666666666667,4.33333333333333,4.66666666666667,3.66666666666667,2.33333333333333,5,4.33333333333333
48,"AD_160",NA,NA,NA,NA,NA,NA,NA,0,NA,NA,NA,NA,NA,NA,NA,NA,NA,NA,NA,NA,NA,NA,NA,NA,NA,NA,NA,NA,NA,NA,NA
49,"AD_161",5,4,4,3,2,4,4,1,5,4.5,4,2.5,2,4.5,4,3.71428571428571,5,4,4,3,2,4,4,3.71428571428571,4.96256713522433,4.46222662338003,3.92678640192923,2.456442101686,1.99742961406553,4.44990968059814,3.92909351967382
49,"AD_195",5,5,4,2,2,5,4,1,5,4.5,4,2.5,2,4.5,4,3.85714285714286,4.92513427044867,4.92445324676006,3.85357280385846,1.912884203372,1.99485922813107,4.89981936119628,3.85818703934763,3.75468411881577,4.96256713522433,4.46222662338003,3.92678640192923,2.456442101686,1.99742961406553,4.44990968059814,3.92909351967382
54,"AD_172",4.75,4,3.25,2.25,2,4,3.75,4,4.875,4,3.625,2.125,2,4,3.875,3.42857142857143,4.67513427044867,3.92445324676006,3.10357280385846,2.162884203372,1.99485922813107,3.89981936119628,3.60818703934763,3.32611269024434,4.80013427044867,3.92445324676006,3.47857280385846,2.037884203372,1.99485922813107,3.89981936119628,3.73318703934763
54,"AD_232",5,4,4,2,2,4,4,1,4.875,4,3.625,2.125,2,4,3.875,3.57142857142857,4.92513427044867,3.92445324676006,3.85357280385846,1.912884203372,1.99485922813107,3.89981936119628,3.85818703934763,3.46896983310148,4.80013427044867,3.92445324676006,3.47857280385846,2.037884203372,1.99485922813107,3.89981936119628,3.73318703934763
55,"AD_266",3.8,3.8,3.4,3.4,2.4,3.6,3,5,3.47142857142857,3.68571428571429,3.48571428571429,2.91428571428571,2.2,3.58571428571429,3.28571428571429,3.34285714285714,3.72513427044867,3.72445324676006,3.25357280385846,3.312884203372,2.39485922813107,3.49981936119628,2.85818703934763,3.24039840453005,3.39656284187724,3.61016753247434,3.33928708957274,2.82716991765772,2.19485922813107,3.48553364691057,3.14390132506192
55,"AD_173",3.14285714285714,3.57142857142857,3.57142857142857,2.42857142857143,2,3.57142857142857,3.57142857142857,7,3.47142857142857,3.68571428571429,3.48571428571429,2.91428571428571,2.2,3.58571428571429,3.28571428571429,3.12244897959184,3.06799141330581,3.49588181818863,3.42500137528703,2.34145563194343,1.99485922813107,3.47124793262485,3.4296156107762,3.01999024126475,3.39656284187724,3.61016753247434,3.33928708957274,2.82716991765772,2.19485922813107,3.48553364691057,3.14390132506192
56,"AD_184",3.9,3.9,3.8,2.77777777777778,2.3,4,3.8,10,3.61666666666667,3.61666666666667,3.31666666666667,2.80555555555556,2.23333333333333,3.75,3.31666666666667,3.4968253968254,3.82513427044867,3.82445324676006,3.65357280385845,2.69066198114978,2.29485922813107,3.89981936119628,3.65818703934763,3.39436665849831,3.54180093711533,3.54111991342673,3.17023947052512,2.71843975892756,2.2281925614644,3.64981936119628,3.1748537060143
56,"AD_175",3.33333333333333,3.33333333333333,2.83333333333333,2.83333333333333,2.16666666666667,3.5,2.83333333333333,6,3.61666666666667,3.61666666666667,3.31666666666667,2.80555555555556,2.23333333333333,3.75,3.31666666666667,2.97619047619048,3.258467603782,3.25778658009339,2.68690613719179,2.74621753670533,2.16152589479773,3.39981936119628,2.69152037268096,2.87373173786338,3.54180093711533,3.54111991342673,3.17023947052512,2.71843975892756,2.2281925614644,3.64981936119628,3.1748537060143
58,"AD_193",3.16666666666667,3.6,3.25,3.5,2.25,4,4,6,3.11111111111111,4.03333333333333,3.31666666666667,3.44444444444444,2.13888888888889,4,4.11111111111111,3.3952380952381,3.09180093711533,3.52445324676006,3.10357280385846,3.412884203372,2.24485922813107,3.89981936119628,3.85818703934763,3.292779356911,3.06120062474355,3.98296883117337,3.21904853590564,3.38636724669245,2.13546170764293,3.93321290746419,4.01656913734287
58,"AD_177",3,4.5,3.5,4,2,4,4.5,2,3.11111111111111,4.03333333333333,3.31666666666667,3.44444444444444,2.13888888888889,4,4.11111111111111,3.64285714285714,3,4.5,3.5,4,2,4,4.5,3.64285714285714,3.06120062474355,3.98296883117337,3.21904853590564,3.38636724669245,2.13546170764293,3.93321290746419,4.01656913734287
58,"AD_185",3.16666666666667,4,3.2,2.83333333333333,2.16666666666667,4,3.83333333333333,6,3.11111111111111,4.03333333333333,3.31666666666667,3.44444444444444,2.13888888888889,4,4.11111111111111,3.31428571428571,3.09180093711533,3.92445324676006,3.05357280385846,2.74621753670533,2.16152589479773,3.89981936119628,3.69152037268096,3.21182697595862,3.06120062474355,3.98296883117337,3.21904853590564,3.38636724669245,2.13546170764293,3.93321290746419,4.01656913734287
59,"AD_261",4,4.29411764705882,3.88235294117647,3.47058823529412,2.41176470588235,3.76470588235294,3.88235294117647,17,3.80347502637419,3.91895121685038,3.54736530976027,2.92267907162865,2.47128396813271,3.84182036450944,3.67385499654407,3.67226890756303,4,4.29411764705882,3.88235294117647,3.47058823529412,2.41176470588235,3.76470588235294,3.88235294117647,3.67226890756303,3.77673726582014,3.8919702335504,3.49506988256686,2.89156628711865,2.46944797817952,3.80604156493668,3.6232075105968
59,"AD_255",2.5,4,3,3,4,3,4,2,3.80347502637419,3.91895121685038,3.54736530976027,2.92267907162865,2.47128396813271,3.84182036450944,3.67385499654407,3.35714285714286,2.5,4,3,3,4,3,4,3.35714285714286,3.77673726582014,3.8919702335504,3.49506988256686,2.89156628711865,2.46944797817952,3.80604156493668,3.6232075105968
59,"AD_278",3.6,3.8,3.6,3.2,3,3.8,3.4,5,3.80347502637419,3.91895121685038,3.54736530976027,2.92267907162865,2.47128396813271,3.84182036450944,3.67385499654407,3.48571428571429,3.6,3.8,3.6,3.2,3,3.8,3.4,3.48571428571429,3.77673726582014,3.8919702335504,3.49506988256686,2.89156628711865,2.46944797817952,3.80604156493668,3.6232075105968
59,"AD_274",4.18181818181818,4.1,3.6,3.5,2.7,3.5,3.7,11,3.80347502637419,3.91895121685038,3.54736530976027,2.92267907162865,2.47128396813271,3.84182036450944,3.67385499654407,3.61168831168831,4.10695245226685,4.02445324676006,3.45357280385846,3.412884203372,2.69485922813107,3.39981936119628,3.55818703934763,3.50922957336122,3.77673726582014,3.8919702335504,3.49506988256686,2.89156628711865,2.46944797817952,3.80604156493668,3.6232075105968
59,"AD_204",4.66666666666667,4,3.66666666666667,3,2,3.66666666666667,4,3,3.80347502637419,3.91895121685038,3.54736530976027,2.92267907162865,2.47128396813271,3.84182036450944,3.67385499654407,3.57142857142857,4.59180093711533,3.92445324676006,3.52023947052512,2.912884203372,1.99485922813107,3.56648602786295,3.85818703934763,3.46896983310148,3.77673726582014,3.8919702335504,3.49506988256686,2.89156628711865,2.46944797817952,3.80604156493668,3.6232075105968
59,"AD_319",4.05882352941176,3.76470588235294,3.47058823529412,3.05882352941176,2.17647058823529,4,3.88235294117647,17,3.80347502637419,3.91895121685038,3.54736530976027,2.92267907162865,2.47128396813271,3.84182036450944,3.67385499654407,3.48739495798319,4.05882352941176,3.76470588235294,3.47058823529412,3.05882352941176,2.17647058823529,4,3.88235294117647,3.48739495798319,3.77673726582014,3.8919702335504,3.49506988256686,2.89156628711865,2.46944797817952,3.80604156493668,3.6232075105968
59,"AD_209",4.18181818181818,3.86363636363636,3.63636363636364,3.0952380952381,2.54545454545455,3.86363636363636,4.04545454545455,22,3.80347502637419,3.91895121685038,3.54736530976027,2.92267907162865,2.47128396813271,3.84182036450944,3.67385499654407,3.60451453308596,4.18181818181818,3.86363636363636,3.63636363636364,3.0952380952381,2.54545454545455,3.86363636363636,4.04545454545455,3.60451453308596,3.77673726582014,3.8919702335504,3.49506988256686,2.89156628711865,2.46944797817952,3.80604156493668,3.6232075105968
59,"AD_222",3.5,3.65,3.2,2.7,2.3,4,3.5,20,3.80347502637419,3.91895121685038,3.54736530976027,2.92267907162865,2.47128396813271,3.84182036450944,3.67385499654407,3.26428571428571,3.42513427044867,3.57445324676006,3.05357280385846,2.612884203372,2.29485922813107,3.89981936119628,3.35818703934763,3.16182697595862,3.77673726582014,3.8919702335504,3.49506988256686,2.89156628711865,2.46944797817952,3.80604156493668,3.6232075105968
59,"AD_81",4.5,4,4,2,2,4,4,2,3.80347502637419,3.91895121685038,3.54736530976027,2.92267907162865,2.47128396813271,3.84182036450944,3.67385499654407,3.5,4.42513427044867,3.92445324676006,3.85357280385846,1.912884203372,1.99485922813107,3.89981936119628,3.85818703934763,3.39754126167291,3.77673726582014,3.8919702335504,3.49506988256686,2.89156628711865,2.46944797817952,3.80604156493668,3.6232075105968
59,"AD_178",4.5,4.25,3.75,2.75,2.25,4,3.5,4,3.80347502637419,3.91895121685038,3.54736530976027,2.92267907162865,2.47128396813271,3.84182036450944,3.67385499654407,3.57142857142857,4.5,4.25,3.75,2.75,2.25,4,3.5,3.57142857142857,3.77673726582014,3.8919702335504,3.49506988256686,2.89156628711865,2.46944797817952,3.80604156493668,3.6232075105968
59,"AD_224",2,3.5,3.5,2.5,2.5,4,3.5,2,3.80347502637419,3.91895121685038,3.54736530976027,2.92267907162865,2.47128396813271,3.84182036450944,3.67385499654407,3.07142857142857,1.92513427044867,3.42445324676006,3.35357280385846,2.412884203372,2.49485922813107,3.89981936119628,3.35818703934763,2.96896983310148,3.77673726582014,3.8919702335504,3.49506988256686,2.89156628711865,2.46944797817952,3.80604156493668,3.6232075105968
59,"AD_44",3.66666666666667,3.83333333333333,3.5,2.5,2,4,3.5,6,3.80347502637419,3.91895121685038,3.54736530976027,2.92267907162865,2.47128396813271,3.84182036450944,3.67385499654407,3.28571428571429,3.66666666666667,3.83333333333333,3.5,2.5,2,4,3.5,3.28571428571429,3.77673726582014,3.8919702335504,3.49506988256686,2.89156628711865,2.46944797817952,3.80604156493668,3.6232075105968
59,"AD_74",4.14285714285714,4.14285714285714,3.85714285714286,3.14285714285714,2.71428571428571,3.85714285714286,3.85714285714286,7,3.80347502637419,3.91895121685038,3.54736530976027,2.92267907162865,2.47128396813271,3.84182036450944,3.67385499654407,3.6734693877551,4.14285714285714,4.14285714285714,3.85714285714286,3.14285714285714,2.71428571428571,3.85714285714286,3.85714285714286,3.6734693877551,3.77673726582014,3.8919702335504,3.49506988256686,2.89156628711865,2.46944797817952,3.80604156493668,3.6232075105968
59,"AD_254",3.75,3.66666666666667,3,3,2,4.33333333333333,2.66666666666667,4,3.80347502637419,3.91895121685038,3.54736530976027,2.92267907162865,2.47128396813271,3.84182036450944,3.67385499654407,3.20238095238095,3.75,3.66666666666667,3,3,2,4.33333333333333,2.66666666666667,3.20238095238095,3.77673726582014,3.8919702335504,3.49506988256686,2.89156628711865,2.46944797817952,3.80604156493668,3.6232075105968
60,"AD_225",2.75,4.25,3.5,3.25,2,3.25,3.25,4,3.375,3.625,3.25,2.875,2,3.375,3.375,3.17857142857143,2.67513427044867,4.17445324676006,3.35357280385846,3.162884203372,1.99485922813107,3.14981936119628,3.10818703934763,3.07611269024434,3.33756713522433,3.58722662338003,3.17678640192923,2.831442101686,1.99742961406553,3.32490968059814,3.30409351967382
60,"AD_180",4,3,3,2.5,2,3.5,3.5,2,3.375,3.625,3.25,2.875,2,3.375,3.375,3.07142857142857,4,3,3,2.5,2,3.5,3.5,3.07142857142857,3.33756713522433,3.58722662338003,3.17678640192923,2.831442101686,1.99742961406553,3.32490968059814,3.30409351967382
62,"AD_188",3.125,3.375,3.125,2.75,2.375,3.375,2.75,8,3.64166666666667,3.58055555555556,3.16071428571429,2.6547619047619,2.55357142857143,3.68910256410256,3.08333333333333,2.98214285714286,3.05013427044867,3.29945324676006,2.97857280385846,2.662884203372,2.36985922813107,3.27481936119628,2.60818703934763,2.87968411881577,3.56680093711533,3.50500880231561,3.01428708957274,2.56764610813391,2.54843065670249,3.58892192529885,2.94152037268096
62,"AD_322",3.8,3.86666666666667,3.35714285714286,2.71428571428571,2.28571428571429,3.69230769230769,3.5,15,3.64166666666667,3.58055555555556,3.16071428571429,2.6547619047619,2.55357142857143,3.68910256410256,3.08333333333333,3.31658817373103,3.72513427044867,3.79111991342673,3.21071566100131,2.62716991765772,2.28057351384535,3.59212705350397,3.35818703934763,3.21412943540394,3.56680093711533,3.50500880231561,3.01428708957274,2.56764610813391,2.54843065670249,3.58892192529885,2.94152037268096
62,"AD_218",4,3.5,3,2.5,3,4,3,2,3.64166666666667,3.58055555555556,3.16071428571429,2.6547619047619,2.55357142857143,3.68910256410256,3.08333333333333,3.28571428571429,3.92513427044867,3.42445324676006,2.85357280385846,2.412884203372,2.99485922813107,3.89981936119628,2.85818703934763,3.18325554738719,3.56680093711533,3.50500880231561,3.01428708957274,2.56764610813391,2.54843065670249,3.58892192529885,2.94152037268096
65,"AD_194",4,5,4,2,1.5,4,3,2,4,5,4,2,1.5,4,3,3.35714285714286,4,5,4,2,1.5,4,3,3.35714285714286,4,5,4,2,1.5,4,3
66,"AD_198",4,3.42857142857143,3.57142857142857,3.14285714285714,2.28571428571429,4,4.14285714285714,7,4,3.42857142857143,3.57142857142857,3.14285714285714,2.28571428571429,4,4.14285714285714,3.51020408163265,4,3.42857142857143,3.57142857142857,3.14285714285714,2.28571428571429,4,4.14285714285714,3.51020408163265,4,3.42857142857143,3.57142857142857,3.14285714285714,2.28571428571429,4,4.14285714285714
67,"AD_2",NA,NA,NA,NA,NA,NA,NA,0,NA,NA,NA,NA,NA,NA,NA,NA,NA,NA,NA,NA,NA,NA,NA,NA,NA,NA,NA,NA,NA,NA,NA
68,"AD_330",3.4,3.2,3.25,3,2.33333333333333,4,3.5,5,3.7,3.6,3.4375,3.3125,2.22916666666667,3.9375,3.6875,3.24047619047619,3.32513427044867,3.12445324676006,3.10357280385846,2.912884203372,2.3281925614644,3.89981936119628,3.35818703934763,3.1380174521491,3.62513427044867,3.52445324676006,3.29107280385846,3.225384203372,2.22402589479773,3.83731936119628,3.54568703934763
68,"AD_20",4,4,3.625,3.625,2.125,3.875,3.875,8,3.7,3.6,3.4375,3.3125,2.22916666666667,3.9375,3.6875,3.58928571428571,3.92513427044867,3.92445324676006,3.47857280385846,3.537884203372,2.11985922813107,3.77481936119628,3.73318703934763,3.48682697595862,3.62513427044867,3.52445324676006,3.29107280385846,3.225384203372,2.22402589479773,3.83731936119628,3.54568703934763
71,"AD_220",2,2,2,3,2,3,3,1,2.60714285714286,2.79166666666667,2.625,2.91666666666667,2.33333333333333,3.33333333333333,3.16666666666667,2.42857142857143,1.92513427044867,1.92445324676006,1.85357280385846,2.912884203372,1.99485922813107,2.89981936119628,2.85818703934763,2.32611269024434,2.56970999236719,2.7538932900467,2.55178640192923,2.87310876835267,2.33076294739887,3.28324301393147,3.09576018634048
71,"AD_202",3.21428571428571,3.58333333333333,3.25,2.83333333333333,2.66666666666667,3.66666666666667,3.33333333333333,14,2.60714285714286,2.79166666666667,2.625,2.91666666666667,2.33333333333333,3.33333333333333,3.16666666666667,3.22108843537415,3.21428571428571,3.58333333333333,3.25,2.83333333333333,2.66666666666667,3.66666666666667,3.33333333333333,3.22108843537415,2.56970999236719,2.7538932900467,2.55178640192923,2.87310876835267,2.33076294739887,3.28324301393147,3.09576018634048
73,"AD_208",NA,NA,NA,NA,NA,NA,NA,0,NA,NA,NA,NA,NA,NA,NA,NA,NA,NA,NA,NA,NA,NA,NA,NA,NA,NA,NA,NA,NA,NA,NA
74,"AD_21",4,3.5,3.5,3,3,3,3,2,3.33333333333333,2.83333333333333,2.86111111111111,2.27777777777778,2.44444444444444,3.19444444444444,3,3.28571428571429,4,3.5,3.5,3,3,3,3,3.28571428571429,3.30837809014956,2.80815108225335,2.8123020457306,2.24873917890178,2.44273085382147,3.16105089817654,2.95272901311588
74,"AD_259",3.5,3.5,3.58333333333333,2.83333333333333,2.33333333333333,3.58333333333333,3.5,12,3.33333333333333,2.83333333333333,2.86111111111111,2.27777777777778,2.44444444444444,3.19444444444444,3,3.26190476190476,3.42513427044867,3.42445324676006,3.43690613719179,2.74621753670533,2.3281925614644,3.48315269452961,3.35818703934763,3.15944602357767,3.30837809014956,2.80815108225335,2.8123020457306,2.24873917890178,2.44273085382147,3.16105089817654,2.95272901311588
74,"AD_61",2.5,1.5,1.5,1,2,3,2.5,2,3.33333333333333,2.83333333333333,2.86111111111111,2.27777777777778,2.44444444444444,3.19444444444444,3,2,2.5,1.5,1.5,1,2,3,2.5,2,3.30837809014956,2.80815108225335,2.8123020457306,2.24873917890178,2.44273085382147,3.16105089817654,2.95272901311588
80,"AD_234",2.5,3,3,2,2,4,3,2,2.5,3,3,2,2,4,3,2.78571428571429,2.42513427044867,2.92445324676006,2.85357280385846,1.912884203372,1.99485922813107,3.89981936119628,2.85818703934763,2.68325554738719,2.42513427044867,2.92445324676006,2.85357280385846,1.912884203372,1.99485922813107,3.89981936119628,2.85818703934763
81,"AD_315",3.75,3.25,3.33333333333333,3.5,3,4.25,4.33333333333333,4,3.875,3.625,3.33333333333333,3.5,3,4.25,4.33333333333333,3.63095238095238,3.75,3.25,3.33333333333333,3.5,3,4.25,4.33333333333333,3.63095238095238,3.83756713522433,3.58722662338003,3.33333333333333,3.5,3,4.25,4.33333333333333
81,"AD_237",4,4,NA,NA,NA,NA,NA,1,3.875,3.625,3.33333333333333,3.5,3,4.25,4.33333333333333,4,3.92513427044867,3.92445324676006,NA,NA,NA,NA,NA,3.89754126167291,3.83756713522433,3.58722662338003,3.33333333333333,3.5,3,4.25,4.33333333333333
82,"AD_38",3.85714285714286,3.42857142857143,3.66666666666667,3,3.6,4.42857142857143,4.5,7,3.65178571428571,3.69047619047619,3.54761904761905,2.5,2.60833333333333,3.73809523809524,3.35119047619048,3.78299319727891,3.78227712759152,3.35302467533149,3.52023947052512,2.912884203372,3.59485922813107,4.32839078976771,4.35818703934763,3.68053445895182,3.61435284951005,3.65270281385622,3.47440544954828,2.456442101686,2.60576294739887,3.68800491869338,3.28028399586429
82,"AD_267",3.75,4,3.85714285714286,3,2.16666666666667,3.85714285714286,3.57142857142857,8,3.65178571428571,3.69047619047619,3.54761904761905,2.5,2.60833333333333,3.73809523809524,3.35119047619048,3.45748299319728,3.67513427044867,3.92445324676006,3.71071566100131,2.912884203372,2.16152589479773,3.75696221833914,3.4296156107762,3.35502425487019,3.61435284951005,3.65270281385622,3.47440544954828,2.456442101686,2.60576294739887,3.68800491869338,3.28028399586429
82,"AD_265",3.66666666666667,3.66666666666667,3.66666666666667,2.33333333333333,3,3,3.33333333333333,3,3.65178571428571,3.69047619047619,3.54761904761905,2.5,2.60833333333333,3.73809523809524,3.35119047619048,3.23809523809524,3.66666666666667,3.66666666666667,3.66666666666667,2.33333333333333,3,3,3.33333333333333,3.23809523809524,3.61435284951005,3.65270281385622,3.47440544954828,2.456442101686,2.60576294739887,3.68800491869338,3.28028399586429
82,"AD_239",3.33333333333333,3.66666666666667,3,1.66666666666667,1.66666666666667,3.66666666666667,2,3,3.65178571428571,3.69047619047619,3.54761904761905,2.5,2.60833333333333,3.73809523809524,3.35119047619048,2.71428571428571,3.33333333333333,3.66666666666667,3,1.66666666666667,1.66666666666667,3.66666666666667,2,2.71428571428571,3.61435284951005,3.65270281385622,3.47440544954828,2.456442101686,2.60576294739887,3.68800491869338,3.28028399586429
83,"AD_292",4,3.5,3,3,2.5,4,3,2,3.75892857142857,3.64583333333333,3.33035714285714,2.65178571428571,2.41964285714286,3.9375,3.20535714285714,3.28571428571429,4,3.5,3,3,2.5,4,3,3.28571428571429,3.70277927426507,3.58917326840338,3.22053674575098,2.58644886681471,2.41578727824116,3.86236452089721,3.09899742236787
83,"AD_24",3.25,3.33333333333333,3.25,2.25,2.25,3.75,3.5,4,3.75892857142857,3.64583333333333,3.33035714285714,2.65178571428571,2.41964285714286,3.9375,3.20535714285714,3.08333333333333,3.17513427044867,3.25778658009339,3.10357280385846,2.162884203372,2.24485922813107,3.64981936119628,3.35818703934763,2.98087459500624,3.70277927426507,3.58917326840338,3.22053674575098,2.58644886681471,2.41578727824116,3.86236452089721,3.09899742236787
83,"AD_33",3.5,3.75,3.5,2.5,2.5,4,2.75,4,3.75892857142857,3.64583333333333,3.33035714285714,2.65178571428571,2.41964285714286,3.9375,3.20535714285714,3.21428571428571,3.42513427044867,3.67445324676006,3.35357280385846,2.412884203372,2.49485922813107,3.89981936119628,2.60818703934763,3.11182697595862,3.70277927426507,3.58917326840338,3.22053674575098,2.58644886681471,2.41578727824116,3.86236452089721,3.09899742236787
83,"AD_325",4.28571428571429,4,3.57142857142857,2.85714285714286,2.42857142857143,4,3.57142857142857,7,3.75892857142857,3.64583333333333,3.33035714285714,2.65178571428571,2.41964285714286,3.9375,3.20535714285714,3.53061224489796,4.21084855616295,3.92445324676006,3.42500137528703,2.77002706051486,2.42343065670249,3.89981936119628,3.4296156107762,3.42815350657087,3.70277927426507,3.58917326840338,3.22053674575098,2.58644886681471,2.41578727824116,3.86236452089721,3.09899742236787
84,"AD_7",4.33333333333333,4,3,2.66666666666667,1.66666666666667,3.33333333333333,3.66666666666667,3,3.96825396825397,3.71428571428571,3.19047619047619,3.1984126984127,2.15079365079365,3.51587301587302,3.55555555555556,3.23809523809524,4.258467603782,3.92445324676006,2.85357280385846,2.57955087003867,1.66152589479773,3.23315269452961,3.5248537060143,3.13563649976815,3.91834348188641,3.66392121212575,3.09285805971516,3.1403355006607,2.14736646954769,3.4490859233372,3.46101358178731
84,"AD_240",3.57142857142857,4.14285714285714,3.57142857142857,3.42857142857143,2.28571428571429,3.71428571428571,4,7,3.96825396825397,3.71428571428571,3.19047619047619,3.1984126984127,2.15079365079365,3.51587301587302,3.55555555555556,3.53061224489796,3.57142857142857,4.14285714285714,3.57142857142857,3.42857142857143,2.28571428571429,3.71428571428571,4,3.53061224489796,3.91834348188641,3.66392121212575,3.09285805971516,3.1403355006607,2.14736646954769,3.4490859233372,3.46101358178731
84,"AD_336",4,3,3,3.5,2.5,3.5,3,2,3.96825396825397,3.71428571428571,3.19047619047619,3.1984126984127,2.15079365079365,3.51587301587302,3.55555555555556,3.21428571428571,3.92513427044867,2.92445324676006,2.85357280385846,3.412884203372,2.49485922813107,3.39981936119628,2.85818703934763,3.11182697595862,3.91834348188641,3.66392121212575,3.09285805971516,3.1403355006607,2.14736646954769,3.4490859233372,3.46101358178731
85,"AD_243",2,2.5,2.5,2.5,2.5,3,2,2,3.125,3.25,3.08333333333333,2.75,2.5,2.75,2.5,2.42857142857143,2,2.5,2.5,2.5,2.5,3,2,2.42857142857143,3.125,3.25,3.08333333333333,2.75,2.5,2.75,2.5
85,"AD_273",4.25,4,3.66666666666667,3,2.5,2.5,3,4,3.125,3.25,3.08333333333333,2.75,2.5,2.75,2.5,3.27380952380952,4.25,4,3.66666666666667,3,2.5,2.5,3,3.27380952380952,3.125,3.25,3.08333333333333,2.75,2.5,2.75,2.5
87,"AD_25",NA,NA,NA,NA,NA,NA,NA,0,NA,NA,NA,NA,NA,NA,NA,NA,NA,NA,NA,NA,NA,NA,NA,NA,NA,NA,NA,NA,NA,NA,NA
92,"AD_258",NA,NA,NA,NA,NA,NA,NA,0,NA,NA,NA,NA,NA,NA,NA,NA,NA,NA,NA,NA,NA,NA,NA,NA,NA,NA,NA,NA,NA,NA,NA
93,"AD_260",3.33333333333333,4.33333333333333,4,3.33333333333333,2.33333333333333,4,3.33333333333333,3,3.33333333333333,4.33333333333333,4,3.33333333333333,2.33333333333333,4,3.33333333333333,3.52380952380952,3.258467603782,4.25778658009339,3.85357280385846,3.24621753670533,2.3281925614644,3.89981936119628,3.19152037268096,3.42135078548243,3.258467603782,4.25778658009339,3.85357280385846,3.24621753670533,2.3281925614644,3.89981936119628,3.19152037268096
94,"AD_9",3.5,3.5,2.5,2,2.5,4,3,2,3.04166666666667,2.97727272727273,2.58333333333333,2.25,2.4,3.90909090909091,2.86363636363636,3,3.5,3.5,2.5,2,2.5,4,3,3,3.004233801891,2.93949935065276,2.51011973526256,2.206442101686,2.39742961406553,3.85900058968905,2.79272988331018
94,"AD_269",2.58333333333333,2.45454545454545,2.66666666666667,2.5,2.3,3.81818181818182,2.72727272727273,12,3.04166666666667,2.97727272727273,2.58333333333333,2.25,2.4,3.90909090909091,2.86363636363636,2.72142857142857,2.508467603782,2.37899870130551,2.52023947052512,2.412884203372,2.29485922813107,3.7180011793781,2.58545976662036,2.61896983310148,3.004233801891,2.93949935065276,2.51011973526256,2.206442101686,2.39742961406553,3.85900058968905,2.79272988331018
96,"AD_314",4,4,3,2.66666666666667,2,3.66666666666667,4,3,3.25,3.25,2.75,2.33333333333333,2.5,3.83333333333333,3.75,3.33333333333333,4,4,3,2.66666666666667,2,3.66666666666667,4,3.33333333333333,3.21256713522433,3.21222662338003,2.67678640192923,2.28977543501933,2.49742961406553,3.78324301393147,3.67909351967382
96,"AD_288",2.5,2.5,2.5,2,3,4,3.5,2,3.25,3.25,2.75,2.33333333333333,2.5,3.83333333333333,3.75,2.85714285714286,2.42513427044867,2.42445324676006,2.35357280385846,1.912884203372,2.99485922813107,3.89981936119628,3.35818703934763,2.75468411881577,3.21256713522433,3.21222662338003,2.67678640192923,2.28977543501933,2.49742961406553,3.78324301393147,3.67909351967382
96,"AD_271",NA,NA,NA,NA,NA,NA,NA,0,3.25,3.25,2.75,2.33333333333333,2.5,3.83333333333333,3.75,NA,NA,NA,NA,NA,NA,NA,NA,NA,3.21256713522433,3.21222662338003,2.67678640192923,2.28977543501933,2.49742961406553,3.78324301393147,3.67909351967382
100,"AD_277",4,4,4,NA,4,4,5,1,4,4,4,NA,4,4,5,4.16666666666667,3.92513427044867,3.92445324676006,3.85357280385846,NA,3.99485922813107,3.89981936119628,4.85818703934763,4.06420792833958,3.92513427044867,3.92445324676006,3.85357280385846,NA,3.99485922813107,3.89981936119628,4.85818703934763
100,"AD_65",4,4,4,NA,4,4,5,1,4,4,4,NA,4,4,5,4.16666666666667,3.92513427044867,3.92445324676006,3.85357280385846,NA,3.99485922813107,3.89981936119628,4.85818703934763,4.06420792833958,3.92513427044867,3.92445324676006,3.85357280385846,NA,3.99485922813107,3.89981936119628,4.85818703934763
104,"AD_79",4.5,4.375,4.14285714285714,3.125,2.625,4.28571428571429,4.5,8,4.38888888888889,4.45833333333333,4.04761904761905,3.26388888888889,2.65277777777778,4.26190476190476,4.44444444444444,3.93622448979592,4.42513427044867,4.29945324676006,3.9964299467156,3.037884203372,2.61985922813107,4.18553364691057,4.35818703934763,3.83376575146883,4.31402315933755,4.38278658009339,3.9011918514775,3.17677309226089,2.64763700590884,4.16172412310104,4.30263148379208
104,"AD_302",4.33333333333333,4.33333333333333,3.66666666666667,3,2.66666666666667,4.16666666666667,4.16666666666667,6,4.38888888888889,4.45833333333333,4.04761904761905,3.26388888888889,2.65277777777778,4.26190476190476,4.44444444444444,3.76190476190476,4.258467603782,4.25778658009339,3.52023947052512,2.912884203372,2.66152589479773,4.06648602786295,4.0248537060143,3.65944602357767,4.31402315933755,4.38278658009339,3.9011918514775,3.17677309226089,2.64763700590884,4.16172412310104,4.30263148379208
104,"AD_29",4.33333333333333,4.66666666666667,4.33333333333333,3.66666666666667,2.66666666666667,4.33333333333333,4.66666666666667,3,4.38888888888889,4.45833333333333,4.04761904761905,3.26388888888889,2.65277777777778,4.26190476190476,4.44444444444444,4.09523809523809,4.258467603782,4.59111991342673,4.18690613719179,3.57955087003867,2.66152589479773,4.23315269452961,4.5248537060143,3.992779356911,4.31402315933755,4.38278658009339,3.9011918514775,3.17677309226089,2.64763700590884,4.16172412310104,4.30263148379208
105,"AD_35",3.5,4,2,3,3.5,4,4,2,3.875,4.125,3.125,3,2.875,4.125,4.125,3.42857142857143,3.5,4,2,3,3.5,4,4,3.42857142857143,3.83756713522433,4.08722662338003,3.05178640192923,2.956442101686,2.87242961406553,4.07490968059814,4.05409351967382
105,"AD_297",4.25,4.25,4.25,3,2.25,4.25,4.25,4,3.875,4.125,3.125,3,2.875,4.125,4.125,3.78571428571429,4.17513427044867,4.17445324676006,4.10357280385846,2.912884203372,2.24485922813107,4.14981936119628,4.10818703934763,3.68325554738719,3.83756713522433,4.08722662338003,3.05178640192923,2.956442101686,2.87242961406553,4.07490968059814,4.05409351967382
107,"AD_30",NA,NA,NA,NA,NA,NA,NA,0,NA,NA,NA,NA,NA,NA,NA,NA,NA,NA,NA,NA,NA,NA,NA,NA,NA,NA,NA,NA,NA,NA,NA
110,"AD_303",3.66666666666667,3.33333333333333,3,2.66666666666667,2,4.33333333333333,4.33333333333333,3,3.66666666666667,3.33333333333333,3,2.66666666666667,2,4.33333333333333,4.33333333333333,3.33333333333333,3.59180093711533,3.25778658009339,2.85357280385846,2.57955087003867,1.99485922813107,4.23315269452961,4.19152037268096,3.23087459500624,3.59180093711533,3.25778658009339,2.85357280385846,2.57955087003867,1.99485922813107,4.23315269452961,4.19152037268096
111,"AD_77",3.66666666666667,5,5,5,3.5,3,3.33333333333333,3,4.33333333333333,5,5,5,3.5,3,3.33333333333333,4.07142857142857,3.66666666666667,5,5,5,3.5,3,3.33333333333333,4.07142857142857,4.29590046855767,4.96222662338003,4.92678640192923,5,3.5,3,3.33333333333333
111,"AD_304",5,5,5,NA,NA,NA,NA,1,4.33333333333333,5,5,5,3.5,3,3.33333333333333,5,4.92513427044867,4.92445324676006,4.85357280385846,NA,NA,NA,NA,4.89754126167291,4.29590046855767,4.96222662338003,4.92678640192923,5,3.5,3,3.33333333333333
115,"AD_323",4,4.33333333333333,4,3.33333333333333,3,4,4.33333333333333,3,4.5,4.16666666666667,4,3.16666666666667,3,4,4.16666666666667,3.85714285714286,3.92513427044867,4.25778658009339,3.85357280385846,3.24621753670533,2.99485922813107,3.89981936119628,4.19152037268096,3.75468411881577,4.42513427044867,4.09111991342673,3.85357280385846,3.07955087003867,2.99485922813107,3.89981936119628,4.0248537060143
115,"AD_46",5,4,4,3,3,4,4,1,4.5,4.16666666666667,4,3.16666666666667,3,4,4.16666666666667,3.85714285714286,4.92513427044867,3.92445324676006,3.85357280385846,2.912884203372,2.99485922813107,3.89981936119628,3.85818703934763,3.75468411881577,4.42513427044867,4.09111991342673,3.85357280385846,3.07955087003867,2.99485922813107,3.89981936119628,4.0248537060143
116,"AD_326",4,4,3,4,3,3,2,1,4,4,3,4,3,3,2,3.28571428571429,3.92513427044867,3.92445324676006,2.85357280385846,3.912884203372,2.99485922813107,2.89981936119628,1.85818703934763,3.18325554738719,3.92513427044867,3.92445324676006,2.85357280385846,3.912884203372,2.99485922813107,2.89981936119628,1.85818703934763
118,"AD_333",4.66666666666667,4.33333333333333,4.33333333333333,3.33333333333333,2.66666666666667,4,4.66666666666667,3,4.66666666666667,4.33333333333333,4.33333333333333,3.33333333333333,2.66666666666667,4,4.66666666666667,4,4.59180093711533,4.25778658009339,4.18690613719179,3.24621753670533,2.66152589479773,3.89981936119628,4.5248537060143,3.89754126167291,4.59180093711533,4.25778658009339,4.18690613719179,3.24621753670533,2.66152589479773,3.89981936119628,4.5248537060143
119,"AD_50",3.5,3,2,NA,2,4,4,2,3.55,3.5,2.8,2.6,2.125,4,3.625,3.08333333333333,3.42513427044867,2.92445324676006,1.85357280385846,NA,1.99485922813107,3.89981936119628,3.85818703934763,2.98087459500624,3.51256713522433,3.46222662338003,2.72678640192923,2.6,2.12242961406553,3.94990968059814,3.55409351967382
119,"AD_34",3.6,4,3.6,2.6,2.25,4,3.25,5,3.55,3.5,2.8,2.6,2.125,4,3.625,3.32857142857143,3.6,4,3.6,2.6,2.25,4,3.25,3.32857142857143,3.51256713522433,3.46222662338003,2.72678640192923,2.6,2.12242961406553,3.94990968059814,3.55409351967382
123,"AD_347",2.66666666666667,3,2.33333333333333,3,2.33333333333333,3.33333333333333,3,3,3.43333333333333,3.2,2.86666666666667,3.1,2.76666666666667,3.46666666666667,3.2,2.80952380952381,2.59180093711533,2.92445324676006,2.18690613719179,2.912884203372,2.3281925614644,3.23315269452961,2.85818703934763,2.70706507119672,3.39590046855767,3.16222662338003,2.79345306859589,3.056442101686,2.7640962807322,3.41657634726481,3.12909351967382
123,"AD_51",4.2,3.4,3.4,3.2,3.2,3.6,3.4,5,3.43333333333333,3.2,2.86666666666667,3.1,2.76666666666667,3.46666666666667,3.2,3.48571428571429,4.2,3.4,3.4,3.2,3.2,3.6,3.4,3.48571428571429,3.39590046855767,3.16222662338003,2.79345306859589,3.056442101686,2.7640962807322,3.41657634726481,3.12909351967382
124,"AD_40",3,4.5,4,2.5,2.5,4,4,2,3,4.5,4,2.5,2.5,4,4,3.5,3,4.5,4,2.5,2.5,4,4,3.5,3,4.5,4,2.5,2.5,4,4
125,"AD_42",NA,NA,NA,NA,NA,NA,NA,0,NA,NA,NA,NA,NA,NA,NA,NA,NA,NA,NA,NA,NA,NA,NA,NA,NA,NA,NA,NA,NA,NA,NA
127,"AD_62",4.33333333333333,4,4,3.33333333333333,2,4,4,3,4.33333333333333,4,4,3.33333333333333,2,4,4,3.66666666666667,4.258467603782,3.92445324676006,3.85357280385846,3.24621753670533,1.99485922813107,3.89981936119628,3.85818703934763,3.56420792833958,4.258467603782,3.92445324676006,3.85357280385846,3.24621753670533,1.99485922813107,3.89981936119628,3.85818703934763
128,"AD_69",NA,NA,NA,NA,NA,NA,NA,0,NA,NA,NA,NA,NA,NA,NA,NA,NA,NA,NA,NA,NA,NA,NA,NA,NA,NA,NA,NA,NA,NA,NA
